[
  {
    "model": "userprofile.servicepackage",
    "pk": 1,
    "fields":
      {
        "name": "Basic"
      }
  },
  {
    "model": "cold_apply.phase",
    "pk": 1,
    "fields": {
      "title": "Phase 1",
      "start": "Participant Shows Interest",
      "end": "Intake call completed",
      "result": "Clear direction for job search and resume type",
      "active": true,
      "order": 0
    }
  },
  {
    "model": "cold_apply.phase",
    "pk": 2,
    "fields": {
      "title": "Phase 2",
      "start": "Full results of intake call and phase 1 analysis received",
      "end": "Hired Labs approves of initial job set and tailored resume sets",
      "result": "First actionable set of open jobs and tailored resumes ready for transmission to participante",
      "active": true,
      "order": 1
    }
  },
  {
    "model": "cold_apply.phase",
    "pk": 3,
    "fields": {
      "title": "Phase 3",
      "start": "Initial set of jobs and resumes sent to participant",
      "end": "Changes made to general format of resume or direction of job search",
      "result": "Initial set of jobs and resumes agreed upon by Hired Labs and participant",
      "active": true,
      "order": 2
    }
  },
  {
    "model": "cold_apply.phase",
    "pk": 4,
    "fields": {
      "title": "Phase 4",
      "start": "Participant accepts the initial list of open jobs and tailored resumes",
      "end": "Maximum number iterations of job lists and tailored resumes has been reached",
      "result": "Participant submitted results of job applications",
      "active": true,
      "order": 3
    }
  },
  {
    "model": "cold_apply.phase",
    "pk": 5,
    "fields": {
      "title": "Phase 5",
      "start": "Hired Labs contacts participant to declare end to process and request feedback",
      "end": "Participant submits feedback on overall process and anything else they feel is relevant",
      "result": "Feedback from participant is recorded",
      "active": true,
      "order": 4
    }
  },
  {
    "model": "cold_apply.phase",
    "pk": 6,
    "fields": {
      "title": "Nurture",
      "start": "Participant becomes inactive, either by completing the process, or by dropping out along the way",
      "end": "Participant re-engages with Hired Labs, and becomes active",
      "result": "None",
      "active": false,
      "order": 0
    }
  },
  {
    "model": "cold_apply.phase",
    "pk": 7,
    "fields": {
      "title": "Do Not Contact",
      "start": "Participant asks Hired Labs not to contact them anymore",
      "end": "Participant explicitly requests to be contacted again by Hired Labs",
      "result": "None",
      "active": false,
      "order": 1
    }
  },
  {
    "model": "cold_apply.step",
    "pk": 1,
      "fields": {
        "title": "Send Initial Email",
        "description": "Send Initial Email",
        "phase": 1,
        "order": 0,
        "owner": "Hired Labs"
        }
  },
  {
    "model": "cold_apply.step",
    "pk": 2,
      "fields": {
        "title": "Fill out intake form",
        "description": "Fill out intake form",
        "phase": 1,
        "order": 1,
        "owner": "Participant"
        }
  },
  {
    "model": "cold_apply.step",
    "pk": 3,
      "fields": {
        "title": "Intake Call",
        "description": "Intake Call",
        "phase": 1,
        "order": 2,
        "owner": "Hired Labs"
        }
  },
  {
    "model": "cold_apply.step",
    "pk": 4,
      "fields": {
        "title": "Conduct Intake Call",
        "description": "Conduct Intake Call",
        "phase": 1,
        "order": 3,
        "owner": "Hired Labs"
        }
  },
  {
    "model": "cold_apply.step",
    "pk": 5,
      "fields": {
        "title": "Create Initial Job List",
        "description": "Create Initial Job List",
        "phase": 2,
        "order": 0,
        "owner": "Hired Labs"
        }
  },
  {
    "model": "cold_apply.step",
    "pk": 6,
      "fields": {
        "title": "Analyze keywords in job posts",
        "description": "Analyze keywords in job posts",
        "phase": 2,
        "order": 1,
        "owner": "Hired Labs"
        }
  },
  {
    "model": "cold_apply.step",
    "pk": 7,
      "fields": {
        "title": "Write tailored bullets and overview",
        "description": "Write tailored bullets and overview",
        "phase": 2,
        "order": 2,
        "owner": "Hired Labs"
        }
  },
  {
    "model": "cold_apply.step",
    "pk": 8,
      "fields": {
        "title": "Send Initial Job and Resume Set",
        "description": "Send Initial Job and Resume Set",
        "phase": 3,
        "order": 0,
        "owner": "Hired Labs"
        }
  },
  {
    "model": "cold_apply.step",
    "pk": 9,
      "fields": {
        "title": "Give Feedback on Initial Packet",
        "description": "Give Feedback on Initial Packet",
        "phase": 3,
        "order": 1,
        "owner": "Participant"
      }
  },
  {
    "model": "cold_apply.step",
    "pk": 10,
      "fields": {
        "title": "Apply to Jobs",
        "description": "Apply to Jobs",
        "phase": 4,
        "order": 0,
        "owner": "Hired Labs"
        }
  },
  {
    "model": "cold_apply.step",
    "pk": 11,
      "fields": {
        "title": "Send End-of-Process Comms",
        "description": "Send End-of-Process Comms",
        "phase": 5,
        "order": 0,
        "owner": "Hired Labs"
        }
  },
  {
    "model": "cold_apply.step",
    "pk": 12,
      "fields": {
        "title": "Monthly Newsletter",
        "description": "Monthly Newsletter",
        "phase": 6,
        "order": 0,
        "owner": "Hired Labs"
        }
  },
  {
    "model": "cold_apply.step",
    "pk": 13,
      "fields": {
        "title": "Do nothing",
        "description": "Do nothing",
        "phase": 7,
        "order": 0,
        "owner": "Hired Labs"
        }
  },
  {"model": "cold_apply.skill", "pk": 1, "fields": {"title": "Active Listening", "type": "Soft"}}, {"model": "cold_apply.skill", "pk": 2, "fields": {"title": "Leadership", "type": "Soft"}}, {"model": "cold_apply.skill", "pk": 3, "fields": {"title": "Problem Solving", "type": "Soft"}}, {"model": "cold_apply.skill", "pk": 4, "fields": {"title": "Communication", "type": "soft"}}, {"model": "cold_apply.skill", "pk": 5, "fields": {"title": "Decision Making", "type": "Soft"}}, {"model": "cold_apply.skill", "pk": 6, "fields": {"title": "Interpersonal", "type": "Soft"}}, {"model": "cold_apply.skill", "pk": 7, "fields": {"title": "Analytical", "type": "Soft"}}, {"model": "cold_apply.skill", "pk": 8, "fields": {"title": "Time Management", "type": "Soft"}}, {"model": "cold_apply.skill", "pk": 9, "fields": {"title": "Organization", "type": "Hard"}}, {"model": "cold_apply.skill", "pk": 10, "fields": {"title": "Teamwork", "type": "Soft"}}, {"model": "cold_apply.skill", "pk": 11, "fields": {"title": "Writing", "type": "Hard"}}, {"model": "cold_apply.skill", "pk": 12, "fields": {"title": "Technical", "type": "Hard"}}, {"model": "cold_apply.skill", "pk": 13, "fields": {"title": "Program Management", "type": "Hard"}}, {"model": "cold_apply.skill", "pk": 14, "fields": {"title": "Project Management", "type": "Hard"}}, {"model": "cold_apply.skill", "pk": 15, "fields": {"title": "Customer Service", "type": "Soft"}}, {"model": "cold_apply.skill", "pk": 16, "fields": {"title": "Creative Thinking", "type": "Soft"}}, {"model": "cold_apply.skill", "pk": 17, "fields": {"title": "Critical Thinking", "type": "Soft"}}, {"model": "cold_apply.skill", "pk": 18, "fields": {"title": "Detail-Oriented", "type": "Soft"}}, {"model": "cold_apply.skill", "pk": 19, "fields": {"title": "Collaboration", "type": "Soft"}}, {"model": "cold_apply.skill", "pk": 20, "fields": {"title": "Presentation", "type": "Hard"}}, {"model": "cold_apply.skill", "pk": 21, "fields": {"title": "Administrative", "type": "Hard"}}, {"model": "cold_apply.skill", "pk": 22, "fields": {"title": "Marketing", "type": "Hard"}}, {"model": "cold_apply.skill", "pk": 23, "fields": {"title": "Computer", "type": "Hard"}}, {"model": "cold_apply.skill", "pk": 24, "fields": {"title": "IT", "type": "Hard"}},
  {"model": "cold_apply.state", "pk": 1, "fields": {"name": "Alabama", "abbreviation": "AL"}}, {"model": "cold_apply.state", "pk": 2, "fields": {"name": "Alaska", "abbreviation": "AK"}}, {"model": "cold_apply.state", "pk": 3, "fields": {"name": "Arizona", "abbreviation": "AZ"}}, {"model": "cold_apply.state", "pk": 4, "fields": {"name": "Arkansas", "abbreviation": "AR"}}, {"model": "cold_apply.state", "pk": 5, "fields": {"name": "American Samoa", "abbreviation": "AS"}}, {"model": "cold_apply.state", "pk": 6, "fields": {"name": "California", "abbreviation": "CA"}}, {"model": "cold_apply.state", "pk": 7, "fields": {"name": "Colorado", "abbreviation": "CO"}}, {"model": "cold_apply.state", "pk": 8, "fields": {"name": "Connecticut", "abbreviation": "CT"}}, {"model": "cold_apply.state", "pk": 9, "fields": {"name": "Delaware", "abbreviation": "DE"}}, {"model": "cold_apply.state", "pk": 10, "fields": {"name": "District of Columbia", "abbreviation": "DC"}}, {"model": "cold_apply.state", "pk": 11, "fields": {"name": "Florida", "abbreviation": "FL"}}, {"model": "cold_apply.state", "pk": 12, "fields": {"name": "Georgia", "abbreviation": "GA"}}, {"model": "cold_apply.state", "pk": 13, "fields": {"name": "Guam", "abbreviation": "GU"}}, {"model": "cold_apply.state", "pk": 14, "fields": {"name": "Hawaii", "abbreviation": "HI"}}, {"model": "cold_apply.state", "pk": 15, "fields": {"name": "Idaho", "abbreviation": "ID"}}, {"model": "cold_apply.state", "pk": 16, "fields": {"name": "Illinois", "abbreviation": "IL"}}, {"model": "cold_apply.state", "pk": 17, "fields": {"name": "Indiana", "abbreviation": "IN"}}, {"model": "cold_apply.state", "pk": 18, "fields": {"name": "Iowa", "abbreviation": "IA"}}, {"model": "cold_apply.state", "pk": 19, "fields": {"name": "Kansas", "abbreviation": "KS"}}, {"model": "cold_apply.state", "pk": 20, "fields": {"name": "Kentucky", "abbreviation": "KY"}}, {"model": "cold_apply.state", "pk": 21, "fields": {"name": "Louisiana", "abbreviation": "LA"}}, {"model": "cold_apply.state", "pk": 22, "fields": {"name": "Maine", "abbreviation": "ME"}}, {"model": "cold_apply.state", "pk": 23, "fields": {"name": "Maryland", "abbreviation": "MD"}}, {"model": "cold_apply.state", "pk": 24, "fields": {"name": "Massachusetts", "abbreviation": "MA"}}, {"model": "cold_apply.state", "pk": 25, "fields": {"name": "Michigan", "abbreviation": "MI"}}, {"model": "cold_apply.state", "pk": 26, "fields": {"name": "Minnesota", "abbreviation": "MN"}}, {"model": "cold_apply.state", "pk": 27, "fields": {"name": "Mississippi", "abbreviation": "MS"}}, {"model": "cold_apply.state", "pk": 28, "fields": {"name": "Missouri", "abbreviation": "MO"}}, {"model": "cold_apply.state", "pk": 29, "fields": {"name": "Montana", "abbreviation": "MT"}}, {"model": "cold_apply.state", "pk": 30, "fields": {"name": "Nebraska", "abbreviation": "NE"}}, {"model": "cold_apply.state", "pk": 31, "fields": {"name": "Nevada", "abbreviation": "NV"}}, {"model": "cold_apply.state", "pk": 32, "fields": {"name": "New Hampshire", "abbreviation": "NH"}}, {"model": "cold_apply.state", "pk": 33, "fields": {"name": "New Jersey", "abbreviation": "NJ"}}, {"model": "cold_apply.state", "pk": 34, "fields": {"name": "New Mexico", "abbreviation": "NM"}}, {"model": "cold_apply.state", "pk": 35, "fields": {"name": "New York", "abbreviation": "NY"}}, {"model": "cold_apply.state", "pk": 36, "fields": {"name": "North Carolina", "abbreviation": "NC"}}, {"model": "cold_apply.state", "pk": 37, "fields": {"name": "North Dakota", "abbreviation": "ND"}}, {"model": "cold_apply.state", "pk": 38, "fields": {"name": "Northern Mariana Islands", "abbreviation": "MP"}}, {"model": "cold_apply.state", "pk": 39, "fields": {"name": "Ohio", "abbreviation": "OH"}}, {"model": "cold_apply.state", "pk": 40, "fields": {"name": "Oklahoma", "abbreviation": "OK"}}, {"model": "cold_apply.state", "pk": 41, "fields": {"name": "Oregon", "abbreviation": "OR"}}, {"model": "cold_apply.state", "pk": 42, "fields": {"name": "Pennsylvania", "abbreviation": "PA"}}, {"model": "cold_apply.state", "pk": 43, "fields": {"name": "Puerto Rico", "abbreviation": "PR"}}, {"model": "cold_apply.state", "pk": 44, "fields": {"name": "Rhode Island", "abbreviation": "RI"}}, {"model": "cold_apply.state", "pk": 45, "fields": {"name": "South Carolina", "abbreviation": "SC"}}, {"model": "cold_apply.state", "pk": 46, "fields": {"name": "South Dakota", "abbreviation": "SD"}}, {"model": "cold_apply.state", "pk": 47, "fields": {"name": "Tennessee", "abbreviation": "TN"}}, {"model": "cold_apply.state", "pk": 48, "fields": {"name": "Texas", "abbreviation": "TX"}}, {"model": "cold_apply.state", "pk": 49, "fields": {"name": "Trust Territories", "abbreviation": "TT"}}, {"model": "cold_apply.state", "pk": 50, "fields": {"name": "Utah", "abbreviation": "UT"}}, {"model": "cold_apply.state", "pk": 51, "fields": {"name": "Vermont", "abbreviation": "VT"}}, {"model": "cold_apply.state", "pk": 52, "fields": {"name": "Virginia", "abbreviation": "VA"}}, {"model": "cold_apply.state", "pk": 53, "fields": {"name": "Virgin Islands", "abbreviation": "VI"}}, {"model": "cold_apply.state", "pk": 54, "fields": {"name": "Washington", "abbreviation": "WA"}}, {"model": "cold_apply.state", "pk": 55, "fields": {"name": "West Virginia", "abbreviation": "WV"}}, {"model": "cold_apply.state", "pk": 56, "fields": {"name": "Wisconsin", "abbreviation": "WI"}}, {"model": "cold_apply.state", "pk": 57, "fields": {"name": "Wyoming", "abbreviation": "WY"}},
  {"model": "resume.concentration", "pk": 1, "fields": {"name": "Cell/cellular and molecular biology"}}, {"model": "resume.concentration", "pk": 2, "fields": {"name": "Computer science"}}, {"model": "resume.concentration", "pk": 3, "fields": {"name": "Econometrics and quantitative economics"}}, {"model": "resume.concentration", "pk": 4, "fields": {"name": "Computer and information sciences, other"}}, {"model": "resume.concentration", "pk": 5, "fields": {"name": "Electrical and electronics engineering"}}, {"model": "resume.concentration", "pk": 6, "fields": {"name": "Political science and government"}}, {"model": "resume.concentration", "pk": 7, "fields": {"name": "Business administration and management"}}, {"model": "resume.concentration", "pk": 8, "fields": {"name": "Sociology"}}, {"model": "resume.concentration", "pk": 9, "fields": {"name": "Research and experimental psychology"}}, {"model": "resume.concentration", "pk": 10, "fields": {"name": "Applied mathematics"}}, {"model": "resume.concentration", "pk": 11, "fields": {"name": "Environmental studies"}}, {"model": "resume.concentration", "pk": 12, "fields": {"name": "Mass communication/media studies"}}, {"model": "resume.concentration", "pk": 13, "fields": {"name": "Cognitive science"}}, {"model": "resume.concentration", "pk": 14, "fields": {"name": "English language and literature"}}, {"model": "resume.concentration", "pk": 15, "fields": {"name": "Biology/biological sciences"}}, {"model": "resume.concentration", "pk": 16, "fields": {"name": "Public health"}}, {"model": "resume.concentration", "pk": 17, "fields": {"name": "Social sciences"}}, {"model": "resume.concentration", "pk": 18, "fields": {"name": "Legal studies"}}, {"model": "resume.concentration", "pk": 19, "fields": {"name": "Mechanical engineering"}}, {"model": "resume.concentration", "pk": 20, "fields": {"name": "Statistics"}}, {"model": "resume.concentration", "pk": 21, "fields": {"name": "Chemical engineering"}}, {"model": "resume.concentration", "pk": 22, "fields": {"name": "History"}}, {"model": "resume.concentration", "pk": 23, "fields": {"name": "Physics"}}, {"model": "resume.concentration", "pk": 24, "fields": {"name": "International/global studies"}}, {"model": "resume.concentration", "pk": 25, "fields": {"name": "Mathematics"}}, {"model": "resume.concentration", "pk": 26, "fields": {"name": "Architecture"}}, {"model": "resume.concentration", "pk": 27, "fields": {"name": "Chemistry"}}, {"model": "resume.concentration", "pk": 28, "fields": {"name": "Multi-/interdisciplinary studies"}}, {"model": "resume.concentration", "pk": 29, "fields": {"name": "Bioengineering and biomedical engineering"}}, {"model": "resume.concentration", "pk": 30, "fields": {"name": "Natural resources/conservation"}}, {"model": "resume.concentration", "pk": 31, "fields": {"name": "Philosophy"}}, {"model": "resume.concentration", "pk": 32, "fields": {"name": "Nutrition sciences"}}, {"model": "resume.concentration", "pk": 33, "fields": {"name": "Anthropology"}}, {"model": "resume.concentration", "pk": 34, "fields": {"name": "Civil engineering"}}, {"model": "resume.concentration", "pk": 35, "fields": {"name": "American/united states studies/civilization"}}, {"model": "resume.concentration", "pk": 36, "fields": {"name": "Social work"}}, {"model": "resume.concentration", "pk": 37, "fields": {"name": "Operations research"}}, {"model": "resume.concentration", "pk": 38, "fields": {"name": "Film/cinema/video studies"}}, {"model": "resume.concentration", "pk": 39, "fields": {"name": "Ethnic studies"}}, {"model": "resume.concentration", "pk": 40, "fields": {"name": "Environmental science"}}, {"model": "resume.concentration", "pk": 41, "fields": {"name": "Fine/studio arts"}}, {"model": "resume.concentration", "pk": 42, "fields": {"name": "Rhetoric and composition"}}, {"model": "resume.concentration", "pk": 43, "fields": {"name": "Linguistics"}}, {"model": "resume.concentration", "pk": 44, "fields": {"name": "Natural resources conservation and research"}}, {"model": "resume.concentration", "pk": 45, "fields": {"name": "Hispanic and latin american languages, literatures, and linguistics"}}, {"model": "resume.concentration", "pk": 46, "fields": {"name": "Astrophysics"}}, {"model": "resume.concentration", "pk": 47, "fields": {"name": "Music"}}, {"model": "resume.concentration", "pk": 48, "fields": {"name": "Drama and dramatics/theatre arts"}}, {"model": "resume.concentration", "pk": 49, "fields": {"name": "Art history, criticism and conservation"}}, {"model": "resume.concentration", "pk": 50, "fields": {"name": "Urban studies/affairs"}}, {"model": "resume.concentration", "pk": 51, "fields": {"name": "Microbiology"}}, {"model": "resume.concentration", "pk": 52, "fields": {"name": "Materials science"}}, {"model": "resume.concentration", "pk": 53, "fields": {"name": "Environmental design/architecture"}}, {"model": "resume.concentration", "pk": 54, "fields": {"name": "Comparative literature"}}, {"model": "resume.concentration", "pk": 55, "fields": {"name": "Landscape architecture"}}, {"model": "resume.concentration", "pk": 56, "fields": {"name": "Botany/plant biology"}}, {"model": "resume.concentration", "pk": 57, "fields": {"name": "Women's studies"}}, {"model": "resume.concentration", "pk": 58, "fields": {"name": "Engineering science"}}, {"model": "resume.concentration", "pk": 59, "fields": {"name": "French language and literature"}}, {"model": "resume.concentration", "pk": 60, "fields": {"name": "Hispanic-american, puerto rican, and mexican-american/chicano studies"}}, {"model": "resume.concentration", "pk": 61, "fields": {"name": "Engineering physics/applied physics"}}, {"model": "resume.concentration", "pk": 62, "fields": {"name": "Asian studies/civilization"}}, {"model": "resume.concentration", "pk": 63, "fields": {"name": "Classical, ancient mediterranean and near eastern studies and archaeology"}}, {"model": "resume.concentration", "pk": 64, "fields": {"name": "Geophysics and seismology"}}, {"model": "resume.concentration", "pk": 65, "fields": {"name": "Japanese language and literature"}}, {"model": "resume.concentration", "pk": 66, "fields": {"name": "Oceanography, chemical and physical"}}, {"model": "resume.concentration", "pk": 67, "fields": {"name": "African-american/black studies"}}, {"model": "resume.concentration", "pk": 68, "fields": {"name": "Nuclear engineering"}}, {"model": "resume.concentration", "pk": 69, "fields": {"name": "Foreign languages, literatures, and linguistics"}}, {"model": "resume.concentration", "pk": 70, "fields": {"name": "Slavic languages, literatures, and linguistics"}}, {"model": "resume.concentration", "pk": 71, "fields": {"name": "Middle/near eastern and semitic languages, literatures, and linguistics"}}, {"model": "resume.concentration", "pk": 72, "fields": {"name": "Environmental/environmental health engineering"}}, {"model": "resume.concentration", "pk": 73, "fields": {"name": "Geology/earth science"}}, {"model": "resume.concentration", "pk": 74, "fields": {"name": "Engineering"}}, {"model": "resume.concentration", "pk": 75, "fields": {"name": "Chinese language and literature"}}, {"model": "resume.concentration", "pk": 76, "fields": {"name": "German language and literature"}}, {"model": "resume.concentration", "pk": 77, "fields": {"name": "Forest sciences and biology"}}, {"model": "resume.concentration", "pk": 78, "fields": {"name": "East asian languages, literatures, and linguistics"}}, {"model": "resume.concentration", "pk": 79, "fields": {"name": "Classics and classical languages, literatures, and linguistics"}}, {"model": "resume.concentration", "pk": 80, "fields": {"name": "Atmospheric sciences and meteorology"}}, {"model": "resume.concentration", "pk": 81, "fields": {"name": "Scandinavian languages, literatures, and linguistics"}}, {"model": "resume.concentration", "pk": 82, "fields": {"name": "Peace studies and conflict resolution"}}, {"model": "resume.concentration", "pk": 83, "fields": {"name": "Planetary astronomy and science"}}, {"model": "resume.concentration", "pk": 84, "fields": {"name": "Dance"}}, {"model": "resume.concentration", "pk": 85, "fields": {"name": "Italian language and literature"}}, {"model": "resume.concentration", "pk": 86, "fields": {"name": "Forest management/forest resources management"}}, {"model": "resume.concentration", "pk": 87, "fields": {"name": "Near and middle eastern studies"}}, {"model": "resume.concentration", "pk": 88, "fields": {"name": "American indian/native american studies"}}, {"model": "resume.concentration", "pk": 89, "fields": {"name": "Latin language and literature"}},
  {"model": "resume.degree", "pk": 1, "fields": {"name": "Associate of Arts", "abbr": "A.A."}}, {"model": "resume.degree", "pk": 2, "fields": {"name": "Associate of Applied Science", "abbr": "A.A.S."}}, {"model": "resume.degree", "pk": 3, "fields": {"name": "Associate of Science", "abbr": "A.S."}}, {"model": "resume.degree", "pk": 4, "fields": {"name": "Bachelor of Arts", "abbr": "B.A."}}, {"model": "resume.degree", "pk": 5, "fields": {"name": "Bachelor of Science", "abbr": "B.S."}}, {"model": "resume.degree", "pk": 6, "fields": {"name": "Doctor of Business Administration", "abbr": "D.B.A."}}, {"model": "resume.degree", "pk": 7, "fields": {"name": "Doctor of Dental Medicine", "abbr": "D.M.D."}}, {"model": "resume.degree", "pk": 8, "fields": {"name": "Doctor of Nursing Practice", "abbr": "D.N.P."}}, {"model": "resume.degree", "pk": 9, "fields": {"name": "Doctor of Occupational Therapy", "abbr": "D.O.T."}}, {"model": "resume.degree", "pk": 10, "fields": {"name": "Doctor of Professional Counseling", "abbr": "D.P.C."}}, {"model": "resume.degree", "pk": 11, "fields": {"name": "Doctor of Physical Education", "abbr": "D.P.E."}}, {"model": "resume.degree", "pk": 12, "fields": {"name": "Doctor of Physical Therapy", "abbr": "D.P.T."}}, {"model": "resume.degree", "pk": 13, "fields": {"name": "Doctor of Veterinary Medicine", "abbr": "D.V.M."}}, {"model": "resume.degree", "pk": 14, "fields": {"name": "Doctor of Public Health", "abbr": "Dr.P.H."}}, {"model": "resume.degree", "pk": 15, "fields": {"name": "Doctor of Education", "abbr": "Ed.D."}}, {"model": "resume.degree", "pk": 16, "fields": {"name": "Educational Specialist", "abbr": "Ed.S."}}, {"model": "resume.degree", "pk": 17, "fields": {"name": "Juris Doctor", "abbr": "J.D."}}, {"model": "resume.degree", "pk": 18, "fields": {"name": "Master of Arts", "abbr": "M.A."}}, {"model": "resume.degree", "pk": 19, "fields": {"name": "Master of Arts in Teaching", "abbr": "M.A.T."}}, {"model": "resume.degree", "pk": 20, "fields": {"name": "Master of Architecture", "abbr": "M.Arch."}}, {"model": "resume.degree", "pk": 21, "fields": {"name": "Master of Business Administration", "abbr": "M.B.A."}}, {"model": "resume.degree", "pk": 22, "fields": {"name": "Master of Business Economics", "abbr": "M.B.E."}}, {"model": "resume.degree", "pk": 23, "fields": {"name": "Master of Combined Sciences", "abbr": "M.C.S."}}, {"model": "resume.degree", "pk": 24, "fields": {"name": "Doctor of Medicine", "abbr": "M.D."}}, {"model": "resume.degree", "pk": 25, "fields": {"name": "Master of Environmental Management", "abbr": "M.E.M."}}, {"model": "resume.degree", "pk": 26, "fields": {"name": "Master of Education", "abbr": "M.Ed."}}, {"model": "resume.degree", "pk": 27, "fields": {"name": "Master of Engineering", "abbr": "M.Eng."}}, {"model": "resume.degree", "pk": 28, "fields": {"name": "Master of Fine Arts", "abbr": "M.F.A."}}, {"model": "resume.degree", "pk": 29, "fields": {"name": "Master of Fine Arts in Creative Writing", "abbr": "M.F.A."}}, {"model": "resume.degree", "pk": 30, "fields": {"name": "Master of Health Services Administration", "abbr": "M.H.S.A."}}, {"model": "resume.degree", "pk": 31, "fields": {"name": "Master of International Business", "abbr": "M.I.B."}}, {"model": "resume.degree", "pk": 32, "fields": {"name": "Master of International Development", "abbr": "M.I.D."}}, {"model": "resume.degree", "pk": 33, "fields": {"name": "Master of Liberal Studies", "abbr": "M.L.S."}}, {"model": "resume.degree", "pk": 34, "fields": {"name": "Master of Library Science", "abbr": "M.L.S."}}, {"model": "resume.degree", "pk": 35, "fields": {"name": "Master of Music", "abbr": "M.M."}}, {"model": "resume.degree", "pk": 36, "fields": {"name": "Master of Music", "abbr": "M.Mus."}}, {"model": "resume.degree", "pk": 37, "fields": {"name": "Master of Public Administration", "abbr": "M.P.A."}}, {"model": "resume.degree", "pk": 38, "fields": {"name": "Master of Public Health", "abbr": "M.P.H."}}, {"model": "resume.degree", "pk": 39, "fields": {"name": "Master of Science", "abbr": "M.S."}}, {"model": "resume.degree", "pk": 40, "fields": {"name": "Master of Social Sciences", "abbr": "M.S.S."}}, {"model": "resume.degree", "pk": 41, "fields": {"name": "Master of Social Work", "abbr": "M.S.W."}}, {"model": "resume.degree", "pk": 42, "fields": {"name": "Master of Business Administration", "abbr": "MBA"}}, {"model": "resume.degree", "pk": 43, "fields": {"name": "Doctor of Philosophy", "abbr": "Ph.D."}},
  {"model": "releases.app", "pk": 1, "fields": {"name": "cold_apply", "description": "Automated job search tools."}}, {"model": "releases.app", "pk": 2, "fields": {"name": "rates", "description": "Global pay rate translator."}}, {"model": "releases.app", "pk": 3, "fields": {"name": "public_site", "description": "Public-facing website areas"}},
  {"model": "rates.country", "pk": 1, "fields": {"rank": "1", "name": "Switzerland", "value": "0.962", "hdi": "VERY HIGH", "zone": "A"}}, {"model": "rates.country", "pk": 2, "fields": {"rank": "2", "name": "Norway", "value": "0.961", "hdi": "VERY HIGH", "zone": "A"}}, {"model": "rates.country", "pk": 3, "fields": {"rank": "3", "name": "Iceland", "value": "0.959", "hdi": "VERY HIGH", "zone": "A"}}, {"model": "rates.country", "pk": 4, "fields": {"rank": "4", "name": "Hong Kong, China (SAR)", "value": "0.952", "hdi": "VERY HIGH", "zone": "A"}}, {"model": "rates.country", "pk": 5, "fields": {"rank": "5", "name": "Australia", "value": "0.951", "hdi": "VERY HIGH", "zone": "A"}}, {"model": "rates.country", "pk": 6, "fields": {"rank": "6", "name": "Denmark", "value": "0.948", "hdi": "VERY HIGH", "zone": "A"}}, {"model": "rates.country", "pk": 7, "fields": {"rank": "7", "name": "Sweden", "value": "0.947", "hdi": "VERY HIGH", "zone": "A"}}, {"model": "rates.country", "pk": 8, "fields": {"rank": "8", "name": "Ireland", "value": "0.945", "hdi": "VERY HIGH", "zone": "A"}}, {"model": "rates.country", "pk": 9, "fields": {"rank": "9", "name": "Germany", "value": "0.942", "hdi": "VERY HIGH", "zone": "A"}}, {"model": "rates.country", "pk": 10, "fields": {"rank": "10", "name": "Netherlands", "value": "0.941", "hdi": "VERY HIGH", "zone": "A"}}, {"model": "rates.country", "pk": 11, "fields": {"rank": "11", "name": "Finland", "value": "0.94", "hdi": "VERY HIGH", "zone": "A"}}, {"model": "rates.country", "pk": 12, "fields": {"rank": "12", "name": "Singapore", "value": "0.939", "hdi": "VERY HIGH", "zone": "A"}}, {"model": "rates.country", "pk": 13, "fields": {"rank": "13", "name": "Belgium", "value": "0.937", "hdi": "VERY HIGH", "zone": "A"}}, {"model": "rates.country", "pk": 14, "fields": {"rank": "13", "name": "New Zealand", "value": "0.937", "hdi": "VERY HIGH", "zone": "A"}}, {"model": "rates.country", "pk": 15, "fields": {"rank": "15", "name": "Canada", "value": "0.936", "hdi": "VERY HIGH", "zone": "A"}}, {"model": "rates.country", "pk": 16, "fields": {"rank": "16", "name": "Liechtenstein", "value": "0.935", "hdi": "VERY HIGH", "zone": "A"}}, {"model": "rates.country", "pk": 17, "fields": {"rank": "17", "name": "Luxembourg", "value": "0.93", "hdi": "VERY HIGH", "zone": "A"}}, {"model": "rates.country", "pk": 18, "fields": {"rank": "18", "name": "United Kingdom", "value": "0.929", "hdi": "VERY HIGH", "zone": "A"}}, {"model": "rates.country", "pk": 19, "fields": {"rank": "19", "name": "Japan", "value": "0.925", "hdi": "VERY HIGH", "zone": "A"}}, {"model": "rates.country", "pk": 20, "fields": {"rank": "19", "name": "Korea (Republic of)", "value": "0.925", "hdi": "VERY HIGH", "zone": "A"}}, {"model": "rates.country", "pk": 21, "fields": {"rank": "21", "name": "United States", "value": "0.921", "hdi": "VERY HIGH", "zone": "A"}}, {"model": "rates.country", "pk": 22, "fields": {"rank": "22", "name": "Israel", "value": "0.919", "hdi": "VERY HIGH", "zone": "A"}}, {"model": "rates.country", "pk": 23, "fields": {"rank": "23", "name": "Malta", "value": "0.918", "hdi": "VERY HIGH", "zone": "A"}}, {"model": "rates.country", "pk": 24, "fields": {"rank": "23", "name": "Slovenia", "value": "0.918", "hdi": "VERY HIGH", "zone": "A"}}, {"model": "rates.country", "pk": 25, "fields": {"rank": "25", "name": "Austria", "value": "0.916", "hdi": "VERY HIGH", "zone": "A"}}, {"model": "rates.country", "pk": 26, "fields": {"rank": "26", "name": "United Arab Emirates", "value": "0.911", "hdi": "VERY HIGH", "zone": "A"}}, {"model": "rates.country", "pk": 27, "fields": {"rank": "27", "name": "Spain", "value": "0.905", "hdi": "VERY HIGH", "zone": "A"}}, {"model": "rates.country", "pk": 28, "fields": {"rank": "28", "name": "France", "value": "0.903", "hdi": "VERY HIGH", "zone": "A"}}, {"model": "rates.country", "pk": 29, "fields": {"rank": "29", "name": "Cyprus", "value": "0.896", "hdi": "VERY HIGH", "zone": "B"}}, {"model": "rates.country", "pk": 30, "fields": {"rank": "30", "name": "Italy", "value": "0.895", "hdi": "VERY HIGH", "zone": "B"}}, {"model": "rates.country", "pk": 31, "fields": {"rank": "31", "name": "Estonia", "value": "0.89", "hdi": "VERY HIGH", "zone": "B"}}, {"model": "rates.country", "pk": 32, "fields": {"rank": "32", "name": "Czechia", "value": "0.889", "hdi": "VERY HIGH", "zone": "B"}}, {"model": "rates.country", "pk": 33, "fields": {"rank": "33", "name": "Greece", "value": "0.887", "hdi": "VERY HIGH", "zone": "B"}}, {"model": "rates.country", "pk": 34, "fields": {"rank": "34", "name": "Poland", "value": "0.876", "hdi": "VERY HIGH", "zone": "B"}}, {"model": "rates.country", "pk": 35, "fields": {"rank": "35", "name": "Bahrain", "value": "0.875", "hdi": "VERY HIGH", "zone": "B"}}, {"model": "rates.country", "pk": 36, "fields": {"rank": "35", "name": "Lithuania", "value": "0.875", "hdi": "VERY HIGH", "zone": "B"}}, {"model": "rates.country", "pk": 37, "fields": {"rank": "35", "name": "Saudi Arabia", "value": "0.875", "hdi": "VERY HIGH", "zone": "B"}}, {"model": "rates.country", "pk": 38, "fields": {"rank": "38", "name": "Portugal", "value": "0.866", "hdi": "VERY HIGH", "zone": "B"}}, {"model": "rates.country", "pk": 39, "fields": {"rank": "39", "name": "Latvia", "value": "0.863", "hdi": "VERY HIGH", "zone": "B"}}, {"model": "rates.country", "pk": 40, "fields": {"rank": "40", "name": "Andorra", "value": "0.858", "hdi": "VERY HIGH", "zone": "B"}}, {"model": "rates.country", "pk": 41, "fields": {"rank": "40", "name": "Croatia", "value": "0.858", "hdi": "VERY HIGH", "zone": "B"}}, {"model": "rates.country", "pk": 42, "fields": {"rank": "42", "name": "Chile", "value": "0.855", "hdi": "VERY HIGH", "zone": "B"}}, {"model": "rates.country", "pk": 43, "fields": {"rank": "42", "name": "Qatar", "value": "0.855", "hdi": "VERY HIGH", "zone": "B"}}, {"model": "rates.country", "pk": 44, "fields": {"rank": "44", "name": "San Marino", "value": "0.853", "hdi": "VERY HIGH", "zone": "B"}}, {"model": "rates.country", "pk": 45, "fields": {"rank": "45", "name": "Slovakia", "value": "0.848", "hdi": "VERY HIGH", "zone": "B"}}, {"model": "rates.country", "pk": 46, "fields": {"rank": "46", "name": "Hungary", "value": "0.846", "hdi": "VERY HIGH", "zone": "B"}}, {"model": "rates.country", "pk": 47, "fields": {"rank": "47", "name": "Argentina", "value": "0.842", "hdi": "VERY HIGH", "zone": "B"}}, {"model": "rates.country", "pk": 48, "fields": {"rank": "48", "name": "T\u00fcrkiye", "value": "0.838", "hdi": "VERY HIGH", "zone": "B"}}, {"model": "rates.country", "pk": 49, "fields": {"rank": "49", "name": "Montenegro", "value": "0.832", "hdi": "VERY HIGH", "zone": "B"}}, {"model": "rates.country", "pk": 50, "fields": {"rank": "50", "name": "Kuwait", "value": "0.831", "hdi": "VERY HIGH", "zone": "B"}}, {"model": "rates.country", "pk": 51, "fields": {"rank": "51", "name": "Brunei Darussalam", "value": "0.829", "hdi": "VERY HIGH", "zone": "B"}}, {"model": "rates.country", "pk": 52, "fields": {"rank": "52", "name": "Russian Federation", "value": "0.822", "hdi": "VERY HIGH", "zone": "B"}}, {"model": "rates.country", "pk": 53, "fields": {"rank": "53", "name": "Romania", "value": "0.821", "hdi": "VERY HIGH", "zone": "B"}}, {"model": "rates.country", "pk": 54, "fields": {"rank": "54", "name": "Oman", "value": "0.816", "hdi": "VERY HIGH", "zone": "B"}}, {"model": "rates.country", "pk": 55, "fields": {"rank": "55", "name": "Bahamas", "value": "0.812", "hdi": "VERY HIGH", "zone": "B"}}, {"model": "rates.country", "pk": 56, "fields": {"rank": "56", "name": "Kazakhstan", "value": "0.811", "hdi": "VERY HIGH", "zone": "B"}}, {"model": "rates.country", "pk": 57, "fields": {"rank": "57", "name": "Trinidad and Tobago", "value": "0.81", "hdi": "VERY HIGH", "zone": "B"}}, {"model": "rates.country", "pk": 58, "fields": {"rank": "58", "name": "Costa Rica", "value": "0.809", "hdi": "VERY HIGH", "zone": "B"}}, {"model": "rates.country", "pk": 59, "fields": {"rank": "58", "name": "Uruguay", "value": "0.809", "hdi": "VERY HIGH", "zone": "B"}}, {"model": "rates.country", "pk": 60, "fields": {"rank": "60", "name": "Belarus", "value": "0.808", "hdi": "VERY HIGH", "zone": "B"}}, {"model": "rates.country", "pk": 61, "fields": {"rank": "61", "name": "Panama", "value": "0.805", "hdi": "VERY HIGH", "zone": "B"}}, {"model": "rates.country", "pk": 62, "fields": {"rank": "62", "name": "Malaysia", "value": "0.803", "hdi": "VERY HIGH", "zone": "B"}}, {"model": "rates.country", "pk": 63, "fields": {"rank": "63", "name": "Georgia", "value": "0.802", "hdi": "VERY HIGH", "zone": "B"}}, {"model": "rates.country", "pk": 64, "fields": {"rank": "63", "name": "Mauritius", "value": "0.802", "hdi": "VERY HIGH", "zone": "B"}}, {"model": "rates.country", "pk": 65, "fields": {"rank": "63", "name": "Serbia", "value": "0.802", "hdi": "VERY HIGH", "zone": "B"}}, {"model": "rates.country", "pk": 66, "fields": {"rank": "66", "name": "Thailand", "value": "0.8", "hdi": "VERY HIGH", "zone": "B"}}, {"model": "rates.country", "pk": 67, "fields": {"rank": "67", "name": "Albania", "value": "0.796", "hdi": "HIGH", "zone": "C"}}, {"model": "rates.country", "pk": 68, "fields": {"rank": "68", "name": "Bulgaria", "value": "0.795", "hdi": "HIGH", "zone": "C"}}, {"model": "rates.country", "pk": 69, "fields": {"rank": "68", "name": "Grenada", "value": "0.795", "hdi": "HIGH", "zone": "C"}}, {"model": "rates.country", "pk": 70, "fields": {"rank": "70", "name": "Barbados", "value": "0.79", "hdi": "HIGH", "zone": "C"}}, {"model": "rates.country", "pk": 71, "fields": {"rank": "71", "name": "Antigua and Barbuda", "value": "0.788", "hdi": "HIGH", "zone": "C"}}, {"model": "rates.country", "pk": 72, "fields": {"rank": "72", "name": "Seychelles", "value": "0.785", "hdi": "HIGH", "zone": "C"}}, {"model": "rates.country", "pk": 73, "fields": {"rank": "73", "name": "Sri Lanka", "value": "0.782", "hdi": "HIGH", "zone": "C"}}, {"model": "rates.country", "pk": 74, "fields": {"rank": "74", "name": "Bosnia and Herzegovina", "value": "0.78", "hdi": "HIGH", "zone": "C"}}, {"model": "rates.country", "pk": 75, "fields": {"rank": "75", "name": "Saint Kitts and Nevis", "value": "0.777", "hdi": "HIGH", "zone": "C"}}, {"model": "rates.country", "pk": 76, "fields": {"rank": "76", "name": "Iran (Islamic Republic of)", "value": "0.774", "hdi": "HIGH", "zone": "C"}}, {"model": "rates.country", "pk": 77, "fields": {"rank": "77", "name": "Ukraine", "value": "0.773", "hdi": "HIGH", "zone": "C"}}, {"model": "rates.country", "pk": 78, "fields": {"rank": "78", "name": "North Macedonia", "value": "0.77", "hdi": "HIGH", "zone": "C"}}, {"model": "rates.country", "pk": 79, "fields": {"rank": "79", "name": "China", "value": "0.768", "hdi": "HIGH", "zone": "C"}}, {"model": "rates.country", "pk": 80, "fields": {"rank": "80", "name": "Dominican Republic", "value": "0.767", "hdi": "HIGH", "zone": "C"}}, {"model": "rates.country", "pk": 81, "fields": {"rank": "80", "name": "Moldova (Republic of)", "value": "0.767", "hdi": "HIGH", "zone": "C"}}, {"model": "rates.country", "pk": 82, "fields": {"rank": "80", "name": "Palau", "value": "0.767", "hdi": "HIGH", "zone": "C"}}, {"model": "rates.country", "pk": 83, "fields": {"rank": "83", "name": "Cuba", "value": "0.764", "hdi": "HIGH", "zone": "C"}}, {"model": "rates.country", "pk": 84, "fields": {"rank": "84", "name": "Peru", "value": "0.762", "hdi": "HIGH", "zone": "C"}}, {"model": "rates.country", "pk": 85, "fields": {"rank": "85", "name": "Armenia", "value": "0.759", "hdi": "HIGH", "zone": "C"}}, {"model": "rates.country", "pk": 86, "fields": {"rank": "86", "name": "Mexico", "value": "0.758", "hdi": "HIGH", "zone": "C"}}, {"model": "rates.country", "pk": 87, "fields": {"rank": "87", "name": "Brazil", "value": "0.754", "hdi": "HIGH", "zone": "C"}}, {"model": "rates.country", "pk": 88, "fields": {"rank": "88", "name": "Colombia", "value": "0.752", "hdi": "HIGH", "zone": "C"}}, {"model": "rates.country", "pk": 89, "fields": {"rank": "89", "name": "Saint Vincent and the Grenadines", "value": "0.751", "hdi": "HIGH", "zone": "C"}}, {"model": "rates.country", "pk": 90, "fields": {"rank": "90", "name": "Maldives", "value": "0.747", "hdi": "HIGH", "zone": "C"}}, {"model": "rates.country", "pk": 91, "fields": {"rank": "91", "name": "Algeria", "value": "0.745", "hdi": "HIGH", "zone": "C"}}, {"model": "rates.country", "pk": 92, "fields": {"rank": "91", "name": "Azerbaijan", "value": "0.745", "hdi": "HIGH", "zone": "C"}}, {"model": "rates.country", "pk": 93, "fields": {"rank": "91", "name": "Tonga", "value": "0.745", "hdi": "HIGH", "zone": "C"}}, {"model": "rates.country", "pk": 94, "fields": {"rank": "91", "name": "Turkmenistan", "value": "0.745", "hdi": "HIGH", "zone": "C"}}, {"model": "rates.country", "pk": 95, "fields": {"rank": "95", "name": "Ecuador", "value": "0.74", "hdi": "HIGH", "zone": "C"}}, {"model": "rates.country", "pk": 96, "fields": {"rank": "96", "name": "Mongolia", "value": "0.739", "hdi": "HIGH", "zone": "C"}}, {"model": "rates.country", "pk": 97, "fields": {"rank": "97", "name": "Egypt", "value": "0.731", "hdi": "HIGH", "zone": "C"}}, {"model": "rates.country", "pk": 98, "fields": {"rank": "97", "name": "Tunisia", "value": "0.731", "hdi": "HIGH", "zone": "C"}}, {"model": "rates.country", "pk": 99, "fields": {"rank": "99", "name": "Fiji", "value": "0.73", "hdi": "HIGH", "zone": "C"}}, {"model": "rates.country", "pk": 100, "fields": {"rank": "99", "name": "Suriname", "value": "0.73", "hdi": "HIGH", "zone": "C"}}, {"model": "rates.country", "pk": 101, "fields": {"rank": "101", "name": "Uzbekistan", "value": "0.727", "hdi": "HIGH", "zone": "C"}}, {"model": "rates.country", "pk": 102, "fields": {"rank": "102", "name": "Dominica", "value": "0.72", "hdi": "HIGH", "zone": "C"}}, {"model": "rates.country", "pk": 103, "fields": {"rank": "102", "name": "Jordan", "value": "0.72", "hdi": "HIGH", "zone": "C"}}, {"model": "rates.country", "pk": 104, "fields": {"rank": "104", "name": "Libya", "value": "0.718", "hdi": "HIGH", "zone": "C"}}, {"model": "rates.country", "pk": 105, "fields": {"rank": "105", "name": "Paraguay", "value": "0.717", "hdi": "HIGH", "zone": "C"}}, {"model": "rates.country", "pk": 106, "fields": {"rank": "106", "name": "Palestine, State of", "value": "0.715", "hdi": "HIGH", "zone": "C"}}, {"model": "rates.country", "pk": 107, "fields": {"rank": "106", "name": "Saint Lucia", "value": "0.715", "hdi": "HIGH", "zone": "C"}}, {"model": "rates.country", "pk": 108, "fields": {"rank": "108", "name": "Guyana", "value": "0.714", "hdi": "HIGH", "zone": "C"}}, {"model": "rates.country", "pk": 109, "fields": {"rank": "109", "name": "South Africa", "value": "0.713", "hdi": "HIGH", "zone": "C"}}, {"model": "rates.country", "pk": 110, "fields": {"rank": "110", "name": "Jamaica", "value": "0.709", "hdi": "HIGH", "zone": "C"}}, {"model": "rates.country", "pk": 111, "fields": {"rank": "111", "name": "Samoa", "value": "0.707", "hdi": "HIGH", "zone": "C"}}, {"model": "rates.country", "pk": 112, "fields": {"rank": "112", "name": "Gabon", "value": "0.706", "hdi": "HIGH", "zone": "C"}}, {"model": "rates.country", "pk": 113, "fields": {"rank": "112", "name": "Lebanon", "value": "0.706", "hdi": "HIGH", "zone": "C"}}, {"model": "rates.country", "pk": 114, "fields": {"rank": "114", "name": "Indonesia", "value": "0.705", "hdi": "HIGH", "zone": "C"}}, {"model": "rates.country", "pk": 115, "fields": {"rank": "115", "name": "Viet Nam", "value": "0.703", "hdi": "HIGH", "zone": "C"}}, {"model": "rates.country", "pk": 116, "fields": {"rank": "116", "name": "Philippines", "value": "0.699", "hdi": "MEDIUM", "zone": "D"}}, {"model": "rates.country", "pk": 117, "fields": {"rank": "117", "name": "Botswana", "value": "0.693", "hdi": "MEDIUM", "zone": "D"}}, {"model": "rates.country", "pk": 118, "fields": {"rank": "118", "name": "Bolivia (Plurinational State of)", "value": "0.692", "hdi": "MEDIUM", "zone": "D"}}, {"model": "rates.country", "pk": 119, "fields": {"rank": "118", "name": "Kyrgyzstan", "value": "0.692", "hdi": "MEDIUM", "zone": "D"}}, {"model": "rates.country", "pk": 120, "fields": {"rank": "120", "name": "Venezuela (Bolivarian Republic of)", "value": "0.691", "hdi": "MEDIUM", "zone": "D"}}, {"model": "rates.country", "pk": 121, "fields": {"rank": "121", "name": "Iraq", "value": "0.686", "hdi": "MEDIUM", "zone": "D"}}, {"model": "rates.country", "pk": 122, "fields": {"rank": "122", "name": "Tajikistan", "value": "0.685", "hdi": "MEDIUM", "zone": "D"}}, {"model": "rates.country", "pk": 123, "fields": {"rank": "123", "name": "Belize", "value": "0.683", "hdi": "MEDIUM", "zone": "D"}}, {"model": "rates.country", "pk": 124, "fields": {"rank": "123", "name": "Morocco", "value": "0.683", "hdi": "MEDIUM", "zone": "D"}}, {"model": "rates.country", "pk": 125, "fields": {"rank": "125", "name": "El Salvador", "value": "0.675", "hdi": "MEDIUM", "zone": "D"}}, {"model": "rates.country", "pk": 126, "fields": {"rank": "126", "name": "Nicaragua", "value": "0.667", "hdi": "MEDIUM", "zone": "D"}}, {"model": "rates.country", "pk": 127, "fields": {"rank": "127", "name": "Bhutan", "value": "0.666", "hdi": "MEDIUM", "zone": "D"}}, {"model": "rates.country", "pk": 128, "fields": {"rank": "128", "name": "Cabo Verde", "value": "0.662", "hdi": "MEDIUM", "zone": "D"}}, {"model": "rates.country", "pk": 129, "fields": {"rank": "129", "name": "Bangladesh", "value": "0.661", "hdi": "MEDIUM", "zone": "D"}}, {"model": "rates.country", "pk": 130, "fields": {"rank": "130", "name": "Tuvalu", "value": "0.641", "hdi": "MEDIUM", "zone": "D"}}, {"model": "rates.country", "pk": 131, "fields": {"rank": "131", "name": "Marshall Islands", "value": "0.639", "hdi": "MEDIUM", "zone": "D"}}, {"model": "rates.country", "pk": 132, "fields": {"rank": "132", "name": "India", "value": "0.633", "hdi": "MEDIUM", "zone": "D"}}, {"model": "rates.country", "pk": 133, "fields": {"rank": "133", "name": "Ghana", "value": "0.632", "hdi": "MEDIUM", "zone": "D"}}, {"model": "rates.country", "pk": 134, "fields": {"rank": "134", "name": "Micronesia (Federated States of)", "value": "0.628", "hdi": "MEDIUM", "zone": "D"}}, {"model": "rates.country", "pk": 135, "fields": {"rank": "135", "name": "Guatemala", "value": "0.627", "hdi": "MEDIUM", "zone": "D"}}, {"model": "rates.country", "pk": 136, "fields": {"rank": "136", "name": "Kiribati", "value": "0.624", "hdi": "MEDIUM", "zone": "D"}}, {"model": "rates.country", "pk": 137, "fields": {"rank": "137", "name": "Honduras", "value": "0.621", "hdi": "MEDIUM", "zone": "D"}}, {"model": "rates.country", "pk": 138, "fields": {"rank": "138", "name": "Sao Tome and Principe", "value": "0.618", "hdi": "MEDIUM", "zone": "D"}}, {"model": "rates.country", "pk": 139, "fields": {"rank": "139", "name": "Namibia", "value": "0.615", "hdi": "MEDIUM", "zone": "D"}}, {"model": "rates.country", "pk": 140, "fields": {"rank": "140", "name": "Lao People's Democratic Republic", "value": "0.607", "hdi": "MEDIUM", "zone": "D"}}, {"model": "rates.country", "pk": 141, "fields": {"rank": "140", "name": "Timor-Leste", "value": "0.607", "hdi": "MEDIUM", "zone": "D"}}, {"model": "rates.country", "pk": 142, "fields": {"rank": "140", "name": "Vanuatu", "value": "0.607", "hdi": "MEDIUM", "zone": "D"}}, {"model": "rates.country", "pk": 143, "fields": {"rank": "143", "name": "Nepal", "value": "0.602", "hdi": "MEDIUM", "zone": "D"}}, {"model": "rates.country", "pk": 144, "fields": {"rank": "144", "name": "Eswatini (Kingdom of)", "value": "0.597", "hdi": "MEDIUM", "zone": "D"}}, {"model": "rates.country", "pk": 145, "fields": {"rank": "145", "name": "Equatorial Guinea", "value": "0.596", "hdi": "MEDIUM", "zone": "D"}}, {"model": "rates.country", "pk": 146, "fields": {"rank": "146", "name": "Cambodia", "value": "0.593", "hdi": "MEDIUM", "zone": "D"}}, {"model": "rates.country", "pk": 147, "fields": {"rank": "146", "name": "Zimbabwe", "value": "0.593", "hdi": "MEDIUM", "zone": "D"}}, {"model": "rates.country", "pk": 148, "fields": {"rank": "148", "name": "Angola", "value": "0.586", "hdi": "MEDIUM", "zone": "D"}}, {"model": "rates.country", "pk": 149, "fields": {"rank": "149", "name": "Myanmar", "value": "0.585", "hdi": "MEDIUM", "zone": "D"}}, {"model": "rates.country", "pk": 150, "fields": {"rank": "150", "name": "Syrian Arab Republic", "value": "0.577", "hdi": "MEDIUM", "zone": "D"}}, {"model": "rates.country", "pk": 151, "fields": {"rank": "151", "name": "Cameroon", "value": "0.576", "hdi": "MEDIUM", "zone": "D"}}, {"model": "rates.country", "pk": 152, "fields": {"rank": "152", "name": "Kenya", "value": "0.575", "hdi": "MEDIUM", "zone": "D"}}, {"model": "rates.country", "pk": 153, "fields": {"rank": "153", "name": "Congo", "value": "0.571", "hdi": "MEDIUM", "zone": "D"}}, {"model": "rates.country", "pk": 154, "fields": {"rank": "154", "name": "Zambia", "value": "0.565", "hdi": "MEDIUM", "zone": "D"}}, {"model": "rates.country", "pk": 155, "fields": {"rank": "155", "name": "Solomon Islands", "value": "0.564", "hdi": "MEDIUM", "zone": "D"}}, {"model": "rates.country", "pk": 156, "fields": {"rank": "156", "name": "Comoros", "value": "0.558", "hdi": "MEDIUM", "zone": "D"}}, {"model": "rates.country", "pk": 157, "fields": {"rank": "156", "name": "Papua New Guinea", "value": "0.558", "hdi": "MEDIUM", "zone": "D"}}, {"model": "rates.country", "pk": 158, "fields": {"rank": "158", "name": "Mauritania", "value": "0.556", "hdi": "MEDIUM", "zone": "D"}}, {"model": "rates.country", "pk": 159, "fields": {"rank": "159", "name": "C\u00f4te d'Ivoire", "value": "0.55", "hdi": "MEDIUM", "zone": "D"}}, {"model": "rates.country", "pk": 160, "fields": {"rank": "160", "name": "Tanzania (United Republic of)", "value": "0.549", "hdi": "LOW", "zone": "E"}}, {"model": "rates.country", "pk": 161, "fields": {"rank": "161", "name": "Pakistan", "value": "0.544", "hdi": "LOW", "zone": "E"}}, {"model": "rates.country", "pk": 162, "fields": {"rank": "162", "name": "Togo", "value": "0.539", "hdi": "LOW", "zone": "E"}}, {"model": "rates.country", "pk": 163, "fields": {"rank": "163", "name": "Haiti", "value": "0.535", "hdi": "LOW", "zone": "E"}}, {"model": "rates.country", "pk": 164, "fields": {"rank": "163", "name": "Nigeria", "value": "0.535", "hdi": "LOW", "zone": "E"}}, {"model": "rates.country", "pk": 165, "fields": {"rank": "165", "name": "Rwanda", "value": "0.534", "hdi": "LOW", "zone": "E"}}, {"model": "rates.country", "pk": 166, "fields": {"rank": "166", "name": "Benin", "value": "0.525", "hdi": "LOW", "zone": "E"}}, {"model": "rates.country", "pk": 167, "fields": {"rank": "166", "name": "Uganda", "value": "0.525", "hdi": "LOW", "zone": "E"}}, {"model": "rates.country", "pk": 168, "fields": {"rank": "168", "name": "Lesotho", "value": "0.514", "hdi": "LOW", "zone": "E"}}, {"model": "rates.country", "pk": 169, "fields": {"rank": "169", "name": "Malawi", "value": "0.512", "hdi": "LOW", "zone": "E"}}, {"model": "rates.country", "pk": 170, "fields": {"rank": "170", "name": "Senegal", "value": "0.511", "hdi": "LOW", "zone": "E"}}, {"model": "rates.country", "pk": 171, "fields": {"rank": "171", "name": "Djibouti", "value": "0.509", "hdi": "LOW", "zone": "E"}}, {"model": "rates.country", "pk": 172, "fields": {"rank": "172", "name": "Sudan", "value": "0.508", "hdi": "LOW", "zone": "E"}}, {"model": "rates.country", "pk": 173, "fields": {"rank": "173", "name": "Madagascar", "value": "0.501", "hdi": "LOW", "zone": "E"}}, {"model": "rates.country", "pk": 174, "fields": {"rank": "174", "name": "Gambia", "value": "0.5", "hdi": "LOW", "zone": "E"}}, {"model": "rates.country", "pk": 175, "fields": {"rank": "175", "name": "Ethiopia", "value": "0.498", "hdi": "LOW", "zone": "E"}}, {"model": "rates.country", "pk": 176, "fields": {"rank": "176", "name": "Eritrea", "value": "0.492", "hdi": "LOW", "zone": "E"}}, {"model": "rates.country", "pk": 177, "fields": {"rank": "177", "name": "Guinea-Bissau", "value": "0.483", "hdi": "LOW", "zone": "E"}}, {"model": "rates.country", "pk": 178, "fields": {"rank": "178", "name": "Liberia", "value": "0.481", "hdi": "LOW", "zone": "E"}}, {"model": "rates.country", "pk": 179, "fields": {"rank": "179", "name": "Congo (Democratic Republic of the)", "value": "0.479", "hdi": "LOW", "zone": "E"}}, {"model": "rates.country", "pk": 180, "fields": {"rank": "180", "name": "Afghanistan", "value": "0.478", "hdi": "LOW", "zone": "E"}}, {"model": "rates.country", "pk": 181, "fields": {"rank": "181", "name": "Sierra Leone", "value": "0.477", "hdi": "LOW", "zone": "E"}}, {"model": "rates.country", "pk": 182, "fields": {"rank": "182", "name": "Guinea", "value": "0.465", "hdi": "LOW", "zone": "E"}}, {"model": "rates.country", "pk": 183, "fields": {"rank": "183", "name": "Yemen", "value": "0.455", "hdi": "LOW", "zone": "E"}}, {"model": "rates.country", "pk": 184, "fields": {"rank": "184", "name": "Burkina Faso", "value": "0.449", "hdi": "LOW", "zone": "E"}}, {"model": "rates.country", "pk": 185, "fields": {"rank": "185", "name": "Mozambique", "value": "0.446", "hdi": "LOW", "zone": "E"}}, {"model": "rates.country", "pk": 186, "fields": {"rank": "186", "name": "Mali", "value": "0.428", "hdi": "LOW", "zone": "E"}}, {"model": "rates.country", "pk": 187, "fields": {"rank": "187", "name": "Burundi", "value": "0.426", "hdi": "LOW", "zone": "E"}}, {"model": "rates.country", "pk": 188, "fields": {"rank": "188", "name": "Central African Republic", "value": "0.404", "hdi": "LOW", "zone": "E"}}, {"model": "rates.country", "pk": 189, "fields": {"rank": "189", "name": "Niger", "value": "0.4", "hdi": "LOW", "zone": "E"}}, {"model": "rates.country", "pk": 190, "fields": {"rank": "190", "name": "Chad", "value": "0.394", "hdi": "LOW", "zone": "E"}}, {"model": "rates.country", "pk": 191, "fields": {"rank": "191", "name": "South Sudan", "value": "0.385", "hdi": "LOW", "zone": "E"}},
  {"model": "rates.skill", "pk": 1, "fields": {"name": "Administrative Assistant", "base": "15.00"}}, {"model": "rates.skill", "pk": 2, "fields": {"name": "Executive Assistant", "base": "25.00"}}, {"model": "rates.skill", "pk": 3, "fields": {"name": "Marketing Manager", "base": "25.00"}}, {"model": "rates.skill", "pk": 4, "fields": {"name": "Customer Service Representative", "base": "20.00"}}, {"model": "rates.skill", "pk": 5, "fields": {"name": "Nurse Practitioner", "base": "40.00"}}, {"model": "rates.skill", "pk": 6, "fields": {"name": "Software Engineer", "base": "45.00"}}, {"model": "rates.skill", "pk": 7, "fields": {"name": "Sales Manager", "base": "40.00"}}, {"model": "rates.skill", "pk": 8, "fields": {"name": "Data Entry Clerk", "base": "15.00"}}, {"model": "rates.skill", "pk": 9, "fields": {"name": "Office Assistant", "base": "25.00"}}, {"model": "rates.skill", "pk": 10, "fields": {"name": "Full-stack Engineering", "base": "50.00"}}, {"model": "rates.skill", "pk": 11, "fields": {"name": "Product Architecture", "base": "50.00"}}, {"model": "rates.skill", "pk": 12, "fields": {"name": "Product Management", "base": "45.00"}}, {"model": "rates.skill", "pk": 13, "fields": {"name": "Automated QA", "base": "45.00"}}, {"model": "rates.skill", "pk": 14, "fields": {"name": "Mobile Development", "base": "50.00"}}, {"model": "rates.skill", "pk": 15, "fields": {"name": "Technical Writer", "base": "45.00"}}, {"model": "rates.skill", "pk": 16, "fields": {"name": "Recruiting", "base": "40.00"}}, {"model": "rates.skill", "pk": 17, "fields": {"name": "Data Science", "base": "50.00"}}, {"model": "rates.skill", "pk": 18, "fields": {"name": "Tech Ops", "base": "45.00"}}, {"model": "rates.skill", "pk": 19, "fields": {"name": "Tech Support", "base": "20.00"}}
]