[
  {
    "model": "userprofile.servicepackage",
    "pk": 1,
    "fields":
      {
        "name": "Basic"
      }
  },
  {
    "model": "cold_apply.phase",
    "pk": 1,
    "fields": {
      "title": "Phase 1",
      "start": "Participant Shows Interest",
      "end": "Intake call completed",
      "result": "Clear direction for job search and resume type",
      "active": true,
      "order": 0
    }
  },
  {
    "model": "cold_apply.phase",
    "pk": 2,
    "fields": {
      "title": "Phase 2",
      "start": "Full results of intake call and phase 1 analysis received",
      "end": "Hired Labs approves of initial job set and tailored resume sets",
      "result": "First actionable set of open jobs and tailored resumes ready for transmission to participante",
      "active": true,
      "order": 1
    }
  },
  {
    "model": "cold_apply.phase",
    "pk": 3,
    "fields": {
      "title": "Phase 3",
      "start": "Initial set of jobs and resumes sent to participant",
      "end": "Changes made to general format of resume or direction of job search",
      "result": "Initial set of jobs and resumes agreed upon by Hired Labs and participant",
      "active": true,
      "order": 2
    }
  },
  {
    "model": "cold_apply.phase",
    "pk": 4,
    "fields": {
      "title": "Phase 4",
      "start": "Participant accepts the initial list of open jobs and tailored resumes",
      "end": "Maximum number iterations of job lists and tailored resumes has been reached",
      "result": "Participant submitted results of job applications",
      "active": true,
      "order": 3
    }
  },
  {
    "model": "cold_apply.phase",
    "pk": 5,
    "fields": {
      "title": "Phase 5",
      "start": "Hired Labs contacts participant to declare end to process and request feedback",
      "end": "Participant submits feedback on overall process and anything else they feel is relevant",
      "result": "Feedback from participant is recorded",
      "active": true,
      "order": 4
    }
  },
  {
    "model": "cold_apply.phase",
    "pk": 6,
    "fields": {
      "title": "Nurture",
      "start": "Participant becomes inactive, either by completing the process, or by dropping out along the way",
      "end": "Participant re-engages with Hired Labs, and becomes active",
      "result": "None",
      "active": false,
      "order": 0
    }
  },
  {
    "model": "cold_apply.phase",
    "pk": 7,
    "fields": {
      "title": "Do Not Contact",
      "start": "Participant asks Hired Labs not to contact them anymore",
      "end": "Participant explicitly requests to be contacted again by Hired Labs",
      "result": "None",
      "active": false,
      "order": 1
    }
  },
  {
    "model": "cold_apply.step",
    "pk": 1,
      "fields": {
        "title": "Send Initial Email",
        "description": "Send Initial Email",
        "phase": 1,
        "order": 0,
        "owner": "Hired Labs"
        }
  },
  {
    "model": "cold_apply.step",
    "pk": 2,
      "fields": {
        "title": "Fill out intake form",
        "description": "Fill out intake form",
        "phase": 1,
        "order": 1,
        "owner": "Participant"
        }
  },
  {
    "model": "cold_apply.step",
    "pk": 3,
      "fields": {
        "title": "Intake Call",
        "description": "Intake Call",
        "phase": 1,
        "order": 2,
        "owner": "Hired Labs"
        }
  },
  {
    "model": "cold_apply.step",
    "pk": 4,
      "fields": {
        "title": "Conduct Intake Call",
        "description": "Conduct Intake Call",
        "phase": 1,
        "order": 3,
        "owner": "Hired Labs"
        }
  },
  {
    "model": "cold_apply.step",
    "pk": 5,
      "fields": {
        "title": "Create Initial Job List",
        "description": "Create Initial Job List",
        "phase": 2,
        "order": 0,
        "owner": "Hired Labs"
        }
  },
  {
    "model": "cold_apply.step",
    "pk": 6,
      "fields": {
        "title": "Analyze keywords in job posts",
        "description": "Analyze keywords in job posts",
        "phase": 2,
        "order": 1,
        "owner": "Hired Labs"
        }
  },
  {
    "model": "cold_apply.step",
    "pk": 7,
      "fields": {
        "title": "Write tailored bullets and overview",
        "description": "Write tailored bullets and overview",
        "phase": 2,
        "order": 2,
        "owner": "Hired Labs"
        }
  },
  {
    "model": "cold_apply.step",
    "pk": 8,
      "fields": {
        "title": "Send Initial Job and Resume Set",
        "description": "Send Initial Job and Resume Set",
        "phase": 3,
        "order": 0,
        "owner": "Hired Labs"
        }
  },
  {
    "model": "cold_apply.step",
    "pk": 9,
      "fields": {
        "title": "Give Feedback on Initial Packet",
        "description": "Give Feedback on Initial Packet",
        "phase": 3,
        "order": 1,
        "owner": "Participant"
      }
  },
  {
    "model": "cold_apply.step",
    "pk": 10,
      "fields": {
        "title": "Apply to Jobs",
        "description": "Apply to Jobs",
        "phase": 4,
        "order": 0,
        "owner": "Hired Labs"
        }
  },
  {
    "model": "cold_apply.step",
    "pk": 11,
      "fields": {
        "title": "Send End-of-Process Comms",
        "description": "Send End-of-Process Comms",
        "phase": 5,
        "order": 0,
        "owner": "Hired Labs"
        }
  },
  {
    "model": "cold_apply.step",
    "pk": 12,
      "fields": {
        "title": "Monthly Newsletter",
        "description": "Monthly Newsletter",
        "phase": 6,
        "order": 0,
        "owner": "Hired Labs"
        }
  },
  {
    "model": "cold_apply.step",
    "pk": 13,
      "fields": {
        "title": "Do nothing",
        "description": "Do nothing",
        "phase": 7,
        "order": 0,
        "owner": "Hired Labs"
        }
  },
  {"model": "cold_apply.skill", "pk": 1, "fields": {"title": "Active Listening", "type": "Soft"}}, {"model": "cold_apply.skill", "pk": 2, "fields": {"title": "Leadership", "type": "Soft"}}, {"model": "cold_apply.skill", "pk": 3, "fields": {"title": "Problem Solving", "type": "Soft"}}, {"model": "cold_apply.skill", "pk": 4, "fields": {"title": "Communication", "type": "soft"}}, {"model": "cold_apply.skill", "pk": 5, "fields": {"title": "Decision Making", "type": "Soft"}}, {"model": "cold_apply.skill", "pk": 6, "fields": {"title": "Interpersonal", "type": "Soft"}}, {"model": "cold_apply.skill", "pk": 7, "fields": {"title": "Analytical", "type": "Soft"}}, {"model": "cold_apply.skill", "pk": 8, "fields": {"title": "Time Management", "type": "Soft"}}, {"model": "cold_apply.skill", "pk": 9, "fields": {"title": "Organization", "type": "Hard"}}, {"model": "cold_apply.skill", "pk": 10, "fields": {"title": "Teamwork", "type": "Soft"}}, {"model": "cold_apply.skill", "pk": 11, "fields": {"title": "Writing", "type": "Hard"}}, {"model": "cold_apply.skill", "pk": 12, "fields": {"title": "Technical", "type": "Hard"}}, {"model": "cold_apply.skill", "pk": 13, "fields": {"title": "Program Management", "type": "Hard"}}, {"model": "cold_apply.skill", "pk": 14, "fields": {"title": "Project Management", "type": "Hard"}}, {"model": "cold_apply.skill", "pk": 15, "fields": {"title": "Customer Service", "type": "Soft"}}, {"model": "cold_apply.skill", "pk": 16, "fields": {"title": "Creative Thinking", "type": "Soft"}}, {"model": "cold_apply.skill", "pk": 17, "fields": {"title": "Critical Thinking", "type": "Soft"}}, {"model": "cold_apply.skill", "pk": 18, "fields": {"title": "Detail-Oriented", "type": "Soft"}}, {"model": "cold_apply.skill", "pk": 19, "fields": {"title": "Collaboration", "type": "Soft"}}, {"model": "cold_apply.skill", "pk": 20, "fields": {"title": "Presentation", "type": "Hard"}}, {"model": "cold_apply.skill", "pk": 21, "fields": {"title": "Administrative", "type": "Hard"}}, {"model": "cold_apply.skill", "pk": 22, "fields": {"title": "Marketing", "type": "Hard"}}, {"model": "cold_apply.skill", "pk": 23, "fields": {"title": "Computer", "type": "Hard"}}, {"model": "cold_apply.skill", "pk": 24, "fields": {"title": "IT", "type": "Hard"}},
  {"model": "cold_apply.state", "pk": 1, "fields": {"name": "Alabama", "abbreviation": "AL"}}, {"model": "cold_apply.state", "pk": 2, "fields": {"name": "Alaska", "abbreviation": "AK"}}, {"model": "cold_apply.state", "pk": 3, "fields": {"name": "Arizona", "abbreviation": "AZ"}}, {"model": "cold_apply.state", "pk": 4, "fields": {"name": "Arkansas", "abbreviation": "AR"}}, {"model": "cold_apply.state", "pk": 5, "fields": {"name": "American Samoa", "abbreviation": "AS"}}, {"model": "cold_apply.state", "pk": 6, "fields": {"name": "California", "abbreviation": "CA"}}, {"model": "cold_apply.state", "pk": 7, "fields": {"name": "Colorado", "abbreviation": "CO"}}, {"model": "cold_apply.state", "pk": 8, "fields": {"name": "Connecticut", "abbreviation": "CT"}}, {"model": "cold_apply.state", "pk": 9, "fields": {"name": "Delaware", "abbreviation": "DE"}}, {"model": "cold_apply.state", "pk": 10, "fields": {"name": "District of Columbia", "abbreviation": "DC"}}, {"model": "cold_apply.state", "pk": 11, "fields": {"name": "Florida", "abbreviation": "FL"}}, {"model": "cold_apply.state", "pk": 12, "fields": {"name": "Georgia", "abbreviation": "GA"}}, {"model": "cold_apply.state", "pk": 13, "fields": {"name": "Guam", "abbreviation": "GU"}}, {"model": "cold_apply.state", "pk": 14, "fields": {"name": "Hawaii", "abbreviation": "HI"}}, {"model": "cold_apply.state", "pk": 15, "fields": {"name": "Idaho", "abbreviation": "ID"}}, {"model": "cold_apply.state", "pk": 16, "fields": {"name": "Illinois", "abbreviation": "IL"}}, {"model": "cold_apply.state", "pk": 17, "fields": {"name": "Indiana", "abbreviation": "IN"}}, {"model": "cold_apply.state", "pk": 18, "fields": {"name": "Iowa", "abbreviation": "IA"}}, {"model": "cold_apply.state", "pk": 19, "fields": {"name": "Kansas", "abbreviation": "KS"}}, {"model": "cold_apply.state", "pk": 20, "fields": {"name": "Kentucky", "abbreviation": "KY"}}, {"model": "cold_apply.state", "pk": 21, "fields": {"name": "Louisiana", "abbreviation": "LA"}}, {"model": "cold_apply.state", "pk": 22, "fields": {"name": "Maine", "abbreviation": "ME"}}, {"model": "cold_apply.state", "pk": 23, "fields": {"name": "Maryland", "abbreviation": "MD"}}, {"model": "cold_apply.state", "pk": 24, "fields": {"name": "Massachusetts", "abbreviation": "MA"}}, {"model": "cold_apply.state", "pk": 25, "fields": {"name": "Michigan", "abbreviation": "MI"}}, {"model": "cold_apply.state", "pk": 26, "fields": {"name": "Minnesota", "abbreviation": "MN"}}, {"model": "cold_apply.state", "pk": 27, "fields": {"name": "Mississippi", "abbreviation": "MS"}}, {"model": "cold_apply.state", "pk": 28, "fields": {"name": "Missouri", "abbreviation": "MO"}}, {"model": "cold_apply.state", "pk": 29, "fields": {"name": "Montana", "abbreviation": "MT"}}, {"model": "cold_apply.state", "pk": 30, "fields": {"name": "Nebraska", "abbreviation": "NE"}}, {"model": "cold_apply.state", "pk": 31, "fields": {"name": "Nevada", "abbreviation": "NV"}}, {"model": "cold_apply.state", "pk": 32, "fields": {"name": "New Hampshire", "abbreviation": "NH"}}, {"model": "cold_apply.state", "pk": 33, "fields": {"name": "New Jersey", "abbreviation": "NJ"}}, {"model": "cold_apply.state", "pk": 34, "fields": {"name": "New Mexico", "abbreviation": "NM"}}, {"model": "cold_apply.state", "pk": 35, "fields": {"name": "New York", "abbreviation": "NY"}}, {"model": "cold_apply.state", "pk": 36, "fields": {"name": "North Carolina", "abbreviation": "NC"}}, {"model": "cold_apply.state", "pk": 37, "fields": {"name": "North Dakota", "abbreviation": "ND"}}, {"model": "cold_apply.state", "pk": 38, "fields": {"name": "Northern Mariana Islands", "abbreviation": "MP"}}, {"model": "cold_apply.state", "pk": 39, "fields": {"name": "Ohio", "abbreviation": "OH"}}, {"model": "cold_apply.state", "pk": 40, "fields": {"name": "Oklahoma", "abbreviation": "OK"}}, {"model": "cold_apply.state", "pk": 41, "fields": {"name": "Oregon", "abbreviation": "OR"}}, {"model": "cold_apply.state", "pk": 42, "fields": {"name": "Pennsylvania", "abbreviation": "PA"}}, {"model": "cold_apply.state", "pk": 43, "fields": {"name": "Puerto Rico", "abbreviation": "PR"}}, {"model": "cold_apply.state", "pk": 44, "fields": {"name": "Rhode Island", "abbreviation": "RI"}}, {"model": "cold_apply.state", "pk": 45, "fields": {"name": "South Carolina", "abbreviation": "SC"}}, {"model": "cold_apply.state", "pk": 46, "fields": {"name": "South Dakota", "abbreviation": "SD"}}, {"model": "cold_apply.state", "pk": 47, "fields": {"name": "Tennessee", "abbreviation": "TN"}}, {"model": "cold_apply.state", "pk": 48, "fields": {"name": "Texas", "abbreviation": "TX"}}, {"model": "cold_apply.state", "pk": 49, "fields": {"name": "Trust Territories", "abbreviation": "TT"}}, {"model": "cold_apply.state", "pk": 50, "fields": {"name": "Utah", "abbreviation": "UT"}}, {"model": "cold_apply.state", "pk": 51, "fields": {"name": "Vermont", "abbreviation": "VT"}}, {"model": "cold_apply.state", "pk": 52, "fields": {"name": "Virginia", "abbreviation": "VA"}}, {"model": "cold_apply.state", "pk": 53, "fields": {"name": "Virgin Islands", "abbreviation": "VI"}}, {"model": "cold_apply.state", "pk": 54, "fields": {"name": "Washington", "abbreviation": "WA"}}, {"model": "cold_apply.state", "pk": 55, "fields": {"name": "West Virginia", "abbreviation": "WV"}}, {"model": "cold_apply.state", "pk": 56, "fields": {"name": "Wisconsin", "abbreviation": "WI"}}, {"model": "cold_apply.state", "pk": 57, "fields": {"name": "Wyoming", "abbreviation": "WY"}},
  {"model": "resume.concentration", "pk": 1, "fields": {"name": "Cell/cellular and molecular biology"}}, {"model": "resume.concentration", "pk": 2, "fields": {"name": "Computer science"}}, {"model": "resume.concentration", "pk": 3, "fields": {"name": "Econometrics and quantitative economics"}}, {"model": "resume.concentration", "pk": 4, "fields": {"name": "Computer and information sciences, other"}}, {"model": "resume.concentration", "pk": 5, "fields": {"name": "Electrical and electronics engineering"}}, {"model": "resume.concentration", "pk": 6, "fields": {"name": "Political science and government"}}, {"model": "resume.concentration", "pk": 7, "fields": {"name": "Business administration and management"}}, {"model": "resume.concentration", "pk": 8, "fields": {"name": "Sociology"}}, {"model": "resume.concentration", "pk": 9, "fields": {"name": "Research and experimental psychology"}}, {"model": "resume.concentration", "pk": 10, "fields": {"name": "Applied mathematics"}}, {"model": "resume.concentration", "pk": 11, "fields": {"name": "Environmental studies"}}, {"model": "resume.concentration", "pk": 12, "fields": {"name": "Mass communication/media studies"}}, {"model": "resume.concentration", "pk": 13, "fields": {"name": "Cognitive science"}}, {"model": "resume.concentration", "pk": 14, "fields": {"name": "English language and literature"}}, {"model": "resume.concentration", "pk": 15, "fields": {"name": "Biology/biological sciences"}}, {"model": "resume.concentration", "pk": 16, "fields": {"name": "Public health"}}, {"model": "resume.concentration", "pk": 17, "fields": {"name": "Social sciences"}}, {"model": "resume.concentration", "pk": 18, "fields": {"name": "Legal studies"}}, {"model": "resume.concentration", "pk": 19, "fields": {"name": "Mechanical engineering"}}, {"model": "resume.concentration", "pk": 20, "fields": {"name": "Statistics"}}, {"model": "resume.concentration", "pk": 21, "fields": {"name": "Chemical engineering"}}, {"model": "resume.concentration", "pk": 22, "fields": {"name": "History"}}, {"model": "resume.concentration", "pk": 23, "fields": {"name": "Physics"}}, {"model": "resume.concentration", "pk": 24, "fields": {"name": "International/global studies"}}, {"model": "resume.concentration", "pk": 25, "fields": {"name": "Mathematics"}}, {"model": "resume.concentration", "pk": 26, "fields": {"name": "Architecture"}}, {"model": "resume.concentration", "pk": 27, "fields": {"name": "Chemistry"}}, {"model": "resume.concentration", "pk": 28, "fields": {"name": "Multi-/interdisciplinary studies"}}, {"model": "resume.concentration", "pk": 29, "fields": {"name": "Bioengineering and biomedical engineering"}}, {"model": "resume.concentration", "pk": 30, "fields": {"name": "Natural resources/conservation"}}, {"model": "resume.concentration", "pk": 31, "fields": {"name": "Philosophy"}}, {"model": "resume.concentration", "pk": 32, "fields": {"name": "Nutrition sciences"}}, {"model": "resume.concentration", "pk": 33, "fields": {"name": "Anthropology"}}, {"model": "resume.concentration", "pk": 34, "fields": {"name": "Civil engineering"}}, {"model": "resume.concentration", "pk": 35, "fields": {"name": "American/united states studies/civilization"}}, {"model": "resume.concentration", "pk": 36, "fields": {"name": "Social work"}}, {"model": "resume.concentration", "pk": 37, "fields": {"name": "Operations research"}}, {"model": "resume.concentration", "pk": 38, "fields": {"name": "Film/cinema/video studies"}}, {"model": "resume.concentration", "pk": 39, "fields": {"name": "Ethnic studies"}}, {"model": "resume.concentration", "pk": 40, "fields": {"name": "Environmental science"}}, {"model": "resume.concentration", "pk": 41, "fields": {"name": "Fine/studio arts"}}, {"model": "resume.concentration", "pk": 42, "fields": {"name": "Rhetoric and composition"}}, {"model": "resume.concentration", "pk": 43, "fields": {"name": "Linguistics"}}, {"model": "resume.concentration", "pk": 44, "fields": {"name": "Natural resources conservation and research"}}, {"model": "resume.concentration", "pk": 45, "fields": {"name": "Hispanic and latin american languages, literatures, and linguistics"}}, {"model": "resume.concentration", "pk": 46, "fields": {"name": "Astrophysics"}}, {"model": "resume.concentration", "pk": 47, "fields": {"name": "Music"}}, {"model": "resume.concentration", "pk": 48, "fields": {"name": "Drama and dramatics/theatre arts"}}, {"model": "resume.concentration", "pk": 49, "fields": {"name": "Art history, criticism and conservation"}}, {"model": "resume.concentration", "pk": 50, "fields": {"name": "Urban studies/affairs"}}, {"model": "resume.concentration", "pk": 51, "fields": {"name": "Microbiology"}}, {"model": "resume.concentration", "pk": 52, "fields": {"name": "Materials science"}}, {"model": "resume.concentration", "pk": 53, "fields": {"name": "Environmental design/architecture"}}, {"model": "resume.concentration", "pk": 54, "fields": {"name": "Comparative literature"}}, {"model": "resume.concentration", "pk": 55, "fields": {"name": "Landscape architecture"}}, {"model": "resume.concentration", "pk": 56, "fields": {"name": "Botany/plant biology"}}, {"model": "resume.concentration", "pk": 57, "fields": {"name": "Women's studies"}}, {"model": "resume.concentration", "pk": 58, "fields": {"name": "Engineering science"}}, {"model": "resume.concentration", "pk": 59, "fields": {"name": "French language and literature"}}, {"model": "resume.concentration", "pk": 60, "fields": {"name": "Hispanic-american, puerto rican, and mexican-american/chicano studies"}}, {"model": "resume.concentration", "pk": 61, "fields": {"name": "Engineering physics/applied physics"}}, {"model": "resume.concentration", "pk": 62, "fields": {"name": "Asian studies/civilization"}}, {"model": "resume.concentration", "pk": 63, "fields": {"name": "Classical, ancient mediterranean and near eastern studies and archaeology"}}, {"model": "resume.concentration", "pk": 64, "fields": {"name": "Geophysics and seismology"}}, {"model": "resume.concentration", "pk": 65, "fields": {"name": "Japanese language and literature"}}, {"model": "resume.concentration", "pk": 66, "fields": {"name": "Oceanography, chemical and physical"}}, {"model": "resume.concentration", "pk": 67, "fields": {"name": "African-american/black studies"}}, {"model": "resume.concentration", "pk": 68, "fields": {"name": "Nuclear engineering"}}, {"model": "resume.concentration", "pk": 69, "fields": {"name": "Foreign languages, literatures, and linguistics"}}, {"model": "resume.concentration", "pk": 70, "fields": {"name": "Slavic languages, literatures, and linguistics"}}, {"model": "resume.concentration", "pk": 71, "fields": {"name": "Middle/near eastern and semitic languages, literatures, and linguistics"}}, {"model": "resume.concentration", "pk": 72, "fields": {"name": "Environmental/environmental health engineering"}}, {"model": "resume.concentration", "pk": 73, "fields": {"name": "Geology/earth science"}}, {"model": "resume.concentration", "pk": 74, "fields": {"name": "Engineering"}}, {"model": "resume.concentration", "pk": 75, "fields": {"name": "Chinese language and literature"}}, {"model": "resume.concentration", "pk": 76, "fields": {"name": "German language and literature"}}, {"model": "resume.concentration", "pk": 77, "fields": {"name": "Forest sciences and biology"}}, {"model": "resume.concentration", "pk": 78, "fields": {"name": "East asian languages, literatures, and linguistics"}}, {"model": "resume.concentration", "pk": 79, "fields": {"name": "Classics and classical languages, literatures, and linguistics"}}, {"model": "resume.concentration", "pk": 80, "fields": {"name": "Atmospheric sciences and meteorology"}}, {"model": "resume.concentration", "pk": 81, "fields": {"name": "Scandinavian languages, literatures, and linguistics"}}, {"model": "resume.concentration", "pk": 82, "fields": {"name": "Peace studies and conflict resolution"}}, {"model": "resume.concentration", "pk": 83, "fields": {"name": "Planetary astronomy and science"}}, {"model": "resume.concentration", "pk": 84, "fields": {"name": "Dance"}}, {"model": "resume.concentration", "pk": 85, "fields": {"name": "Italian language and literature"}}, {"model": "resume.concentration", "pk": 86, "fields": {"name": "Forest management/forest resources management"}}, {"model": "resume.concentration", "pk": 87, "fields": {"name": "Near and middle eastern studies"}}, {"model": "resume.concentration", "pk": 88, "fields": {"name": "American indian/native american studies"}}, {"model": "resume.concentration", "pk": 89, "fields": {"name": "Latin language and literature"}},
  {"model": "resume.degree", "pk": 1, "fields": {"name": "Associate of Arts", "abbr": "A.A."}}, {"model": "resume.degree", "pk": 2, "fields": {"name": "Associate of Applied Science", "abbr": "A.A.S."}}, {"model": "resume.degree", "pk": 3, "fields": {"name": "Associate of Science", "abbr": "A.S."}}, {"model": "resume.degree", "pk": 4, "fields": {"name": "Bachelor of Arts", "abbr": "B.A."}}, {"model": "resume.degree", "pk": 5, "fields": {"name": "Bachelor of Science", "abbr": "B.S."}}, {"model": "resume.degree", "pk": 6, "fields": {"name": "Doctor of Business Administration", "abbr": "D.B.A."}}, {"model": "resume.degree", "pk": 7, "fields": {"name": "Doctor of Dental Medicine", "abbr": "D.M.D."}}, {"model": "resume.degree", "pk": 8, "fields": {"name": "Doctor of Nursing Practice", "abbr": "D.N.P."}}, {"model": "resume.degree", "pk": 9, "fields": {"name": "Doctor of Occupational Therapy", "abbr": "D.O.T."}}, {"model": "resume.degree", "pk": 10, "fields": {"name": "Doctor of Professional Counseling", "abbr": "D.P.C."}}, {"model": "resume.degree", "pk": 11, "fields": {"name": "Doctor of Physical Education", "abbr": "D.P.E."}}, {"model": "resume.degree", "pk": 12, "fields": {"name": "Doctor of Physical Therapy", "abbr": "D.P.T."}}, {"model": "resume.degree", "pk": 13, "fields": {"name": "Doctor of Veterinary Medicine", "abbr": "D.V.M."}}, {"model": "resume.degree", "pk": 14, "fields": {"name": "Doctor of Public Health", "abbr": "Dr.P.H."}}, {"model": "resume.degree", "pk": 15, "fields": {"name": "Doctor of Education", "abbr": "Ed.D."}}, {"model": "resume.degree", "pk": 16, "fields": {"name": "Educational Specialist", "abbr": "Ed.S."}}, {"model": "resume.degree", "pk": 17, "fields": {"name": "Juris Doctor", "abbr": "J.D."}}, {"model": "resume.degree", "pk": 18, "fields": {"name": "Master of Arts", "abbr": "M.A."}}, {"model": "resume.degree", "pk": 19, "fields": {"name": "Master of Arts in Teaching", "abbr": "M.A.T."}}, {"model": "resume.degree", "pk": 20, "fields": {"name": "Master of Architecture", "abbr": "M.Arch."}}, {"model": "resume.degree", "pk": 21, "fields": {"name": "Master of Business Administration", "abbr": "M.B.A."}}, {"model": "resume.degree", "pk": 22, "fields": {"name": "Master of Business Economics", "abbr": "M.B.E."}}, {"model": "resume.degree", "pk": 23, "fields": {"name": "Master of Combined Sciences", "abbr": "M.C.S."}}, {"model": "resume.degree", "pk": 24, "fields": {"name": "Doctor of Medicine", "abbr": "M.D."}}, {"model": "resume.degree", "pk": 25, "fields": {"name": "Master of Environmental Management", "abbr": "M.E.M."}}, {"model": "resume.degree", "pk": 26, "fields": {"name": "Master of Education", "abbr": "M.Ed."}}, {"model": "resume.degree", "pk": 27, "fields": {"name": "Master of Engineering", "abbr": "M.Eng."}}, {"model": "resume.degree", "pk": 28, "fields": {"name": "Master of Fine Arts", "abbr": "M.F.A."}}, {"model": "resume.degree", "pk": 29, "fields": {"name": "Master of Fine Arts in Creative Writing", "abbr": "M.F.A."}}, {"model": "resume.degree", "pk": 30, "fields": {"name": "Master of Health Services Administration", "abbr": "M.H.S.A."}}, {"model": "resume.degree", "pk": 31, "fields": {"name": "Master of International Business", "abbr": "M.I.B."}}, {"model": "resume.degree", "pk": 32, "fields": {"name": "Master of International Development", "abbr": "M.I.D."}}, {"model": "resume.degree", "pk": 33, "fields": {"name": "Master of Liberal Studies", "abbr": "M.L.S."}}, {"model": "resume.degree", "pk": 34, "fields": {"name": "Master of Library Science", "abbr": "M.L.S."}}, {"model": "resume.degree", "pk": 35, "fields": {"name": "Master of Music", "abbr": "M.M."}}, {"model": "resume.degree", "pk": 36, "fields": {"name": "Master of Music", "abbr": "M.Mus."}}, {"model": "resume.degree", "pk": 37, "fields": {"name": "Master of Public Administration", "abbr": "M.P.A."}}, {"model": "resume.degree", "pk": 38, "fields": {"name": "Master of Public Health", "abbr": "M.P.H."}}, {"model": "resume.degree", "pk": 39, "fields": {"name": "Master of Science", "abbr": "M.S."}}, {"model": "resume.degree", "pk": 40, "fields": {"name": "Master of Social Sciences", "abbr": "M.S.S."}}, {"model": "resume.degree", "pk": 41, "fields": {"name": "Master of Social Work", "abbr": "M.S.W."}}, {"model": "resume.degree", "pk": 42, "fields": {"name": "Master of Business Administration", "abbr": "MBA"}}, {"model": "resume.degree", "pk": 43, "fields": {"name": "Doctor of Philosophy", "abbr": "Ph.D."}},
  {"model": "releases.app", "pk": 1, "fields": {"name": "cold_apply", "description": "Automated job search tools."}}, {"model": "releases.app", "pk": 2, "fields": {"name": "rates", "description": "Global pay rate translator."}}, {"model": "releases.app", "pk": 3, "fields": {"name": "public_site", "description": "Public-facing website areas"}}
]